date,open,high,low,close,volume
2024-09-13 00:00:00+00:00,0.3794,1.0,0.378,0.4108,119140682.9
2024-09-14 00:00:00+00:00,0.4108,0.424,0.398,0.4058,57337773.0
2024-09-15 00:00:00+00:00,0.4058,0.4083,0.3866,0.3887,46899265.9
2024-09-16 00:00:00+00:00,0.3888,0.3925,0.3723,0.3759,50492523.2
2024-09-17 00:00:00+00:00,0.3759,0.3907,0.3738,0.3816,42013067.4
2024-09-18 00:00:00+00:00,0.3816,0.3902,0.3722,0.3902,36262880.5
2024-09-19 00:00:00+00:00,0.3901,0.4021,0.3887,0.3991,47960327.1
2024-09-20 00:00:00+00:00,0.3991,0.4099,0.3932,0.4014,44330075.6
2024-09-21 00:00:00+00:00,0.4014,0.4117,0.396,0.4115,24164019.0
2024-09-22 00:00:00+00:00,0.4115,0.4115,0.3926,0.401,32422905.4
2024-09-23 00:00:00+00:00,0.401,0.4081,0.3941,0.4059,57233691.2
2024-09-24 00:00:00+00:00,0.4059,0.4098,0.399,0.4092,64904002.3
2024-09-25 00:00:00+00:00,0.4092,0.419,0.404,0.4095,51785161.0
2024-09-26 00:00:00+00:00,0.4095,0.4323,0.4028,0.4257,65484907.0
2024-09-27 00:00:00+00:00,0.4256,0.4383,0.4235,0.4336,68275519.1
2024-09-28 00:00:00+00:00,0.4335,0.4375,0.4174,0.424,37578633.1
2024-09-29 00:00:00+00:00,0.424,0.426,0.4135,0.4212,29921318.4
2024-09-30 00:00:00+00:00,0.4213,0.4222,0.3933,0.3961,47318345.9
2024-10-01 00:00:00+00:00,0.3962,0.4057,0.366,0.3759,76986610.9
2024-10-02 00:00:00+00:00,0.3759,0.3873,0.3677,0.3734,57690463.9
2024-10-03 00:00:00+00:00,0.3733,0.3791,0.365,0.3757,56375329.7
2024-10-04 00:00:00+00:00,0.3758,0.3863,0.3749,0.3838,33844267.4
2024-10-05 00:00:00+00:00,0.3839,0.3859,0.3759,0.3794,18287606.3
2024-10-06 00:00:00+00:00,0.3794,0.3853,0.3772,0.3829,16842849.5
2024-10-07 00:00:00+00:00,0.3828,0.39,0.3729,0.3742,42234723.6
2024-10-08 00:00:00+00:00,0.3743,0.3798,0.3704,0.3765,32375604.7
2024-10-09 00:00:00+00:00,0.3766,0.381,0.3611,0.3669,33397789.7
2024-10-10 00:00:00+00:00,0.367,0.3701,0.3603,0.3686,23716393.9
2024-10-11 00:00:00+00:00,0.3687,0.375,0.367,0.3735,25722729.9
2024-10-12 00:00:00+00:00,0.3736,0.376,0.3707,0.3717,25370461.0
2024-10-13 00:00:00+00:00,0.3718,0.3723,0.3609,0.3663,28000863.2
2024-10-14 00:00:00+00:00,0.3664,0.3778,0.3632,0.3762,54927826.2
2024-10-15 00:00:00+00:00,0.3762,0.3787,0.3612,0.3708,67512976.4
2024-10-16 00:00:00+00:00,0.3707,0.3743,0.3668,0.3715,34210218.5
2024-10-17 00:00:00+00:00,0.3715,0.3738,0.3612,0.3658,29143794.7
2024-10-18 00:00:00+00:00,0.3658,0.3705,0.3643,0.3699,26560492.9
2024-10-19 00:00:00+00:00,0.3698,0.377,0.3696,0.3718,24739765.7
2024-10-20 00:00:00+00:00,0.3718,0.3859,0.3677,0.3853,51396687.8
2024-10-21 00:00:00+00:00,0.3853,0.3882,0.3685,0.371,38582550.4
2024-10-22 00:00:00+00:00,0.3709,0.3745,0.3635,0.3668,41406032.2
2024-10-23 00:00:00+00:00,0.3668,0.3671,0.3461,0.3552,51100498.6
2024-10-24 00:00:00+00:00,0.3552,0.3596,0.3519,0.3562,31543548.7
2024-10-25 00:00:00+00:00,0.3562,0.3567,0.3059,0.322,92061770.4
2024-10-26 00:00:00+00:00,0.3221,0.3302,0.3186,0.329,55358418.7
2024-10-27 00:00:00+00:00,0.3289,0.332,0.3255,0.3307,22614330.9
2024-10-28 00:00:00+00:00,0.3308,0.3312,0.3126,0.3257,56429548.4
2024-10-29 00:00:00+00:00,0.3256,0.3388,0.3239,0.335,83661644.5
2024-10-30 00:00:00+00:00,0.335,0.3379,0.328,0.3323,46246505.5
2024-10-31 00:00:00+00:00,0.3322,0.3338,0.3151,0.3206,41058705.8
2024-11-01 00:00:00+00:00,0.3206,0.3253,0.3123,0.3181,37555807.3
2024-11-02 00:00:00+00:00,0.3181,0.3207,0.3104,0.313,21812150.0
2024-11-03 00:00:00+00:00,0.313,0.3142,0.2937,0.3006,43863367.9
2024-11-04 00:00:00+00:00,0.3007,0.3045,0.2855,0.2918,66355995.2
2024-11-05 00:00:00+00:00,0.2918,0.3084,0.2918,0.3034,38666001.4
2024-11-06 00:00:00+00:00,0.3033,0.3368,0.3033,0.3338,98645599.3
2024-11-07 00:00:00+00:00,0.3339,0.3509,0.3313,0.3459,72243613.2
2024-11-08 00:00:00+00:00,0.3458,0.4067,0.338,0.3927,185505445.6
2024-11-09 00:00:00+00:00,0.3928,0.3969,0.3722,0.3855,84516037.0
2024-11-10 00:00:00+00:00,0.3855,0.4257,0.3811,0.4069,207968833.1
2024-11-11 00:00:00+00:00,0.4069,0.4295,0.397,0.4284,146025709.0
2024-11-12 00:00:00+00:00,0.4284,0.4472,0.3808,0.4002,229250489.7
2024-11-13 00:00:00+00:00,0.4003,0.4038,0.3597,0.3761,247035686.0
2024-11-14 00:00:00+00:00,0.3762,0.3939,0.3533,0.3583,165407013.6
2024-11-15 00:00:00+00:00,0.3583,0.3754,0.3492,0.3717,139406642.8
2024-11-16 00:00:00+00:00,0.3716,0.4394,0.3686,0.4247,237971914.6
2024-11-17 00:00:00+00:00,0.4248,0.4425,0.391,0.4004,161506723.8
2024-11-18 00:00:00+00:00,0.4004,0.4731,0.3955,0.4572,180801094.8
2024-11-19 00:00:00+00:00,0.4573,0.459,0.4243,0.4328,103811535.6
2024-11-20 00:00:00+00:00,0.4328,0.4646,0.4208,0.4314,161121500.2
2024-11-21 00:00:00+00:00,0.4315,0.46,0.4173,0.4532,132923037.3
2024-11-22 00:00:00+00:00,0.4533,0.4949,0.4454,0.4949,173762390.7
2024-11-23 00:00:00+00:00,0.4949,0.6127,0.489,0.5708,329070223.2
2024-11-24 00:00:00+00:00,0.5709,0.6047,0.5212,0.5754,191217655.6
2024-11-25 00:00:00+00:00,0.5754,0.622,0.535,0.5473,193582228.7
2024-11-26 00:00:00+00:00,0.5471,0.5635,0.4902,0.5283,172848781.5
2024-11-27 00:00:00+00:00,0.5282,0.5842,0.5148,0.5806,112628081.2
2024-11-28 00:00:00+00:00,0.5806,0.5809,0.547,0.5634,75782626.6
2024-11-29 00:00:00+00:00,0.5634,0.5874,0.5569,0.5833,66788959.3
2024-11-30 00:00:00+00:00,0.5834,0.6192,0.5726,0.597,94651805.2
2024-12-01 00:00:00+00:00,0.5971,0.6133,0.578,0.603,94204760.3
2024-12-02 00:00:00+00:00,0.6028,0.6572,0.5709,0.6567,239778178.0
2024-12-03 00:00:00+00:00,0.6568,0.7685,0.6018,0.7007,355942445.9
2024-12-04 00:00:00+00:00,0.7007,0.75,0.6968,0.7088,194565453.1
2024-12-05 00:00:00+00:00,0.7086,0.7229,0.6623,0.6804,153221447.5
2024-12-06 00:00:00+00:00,0.6803,0.7252,0.6595,0.7132,112669426.9
2024-12-07 00:00:00+00:00,0.7133,0.7174,0.6939,0.6999,51237541.9
2024-12-08 00:00:00+00:00,0.6999,0.7078,0.677,0.7029,49637670.8
2024-12-09 00:00:00+00:00,0.7029,0.7029,0.5184,0.582,173589708.7
2024-12-10 00:00:00+00:00,0.5819,0.6035,0.5275,0.5802,161410220.1
2024-12-11 00:00:00+00:00,0.5803,0.6366,0.5545,0.63,86727661.7
2024-12-12 00:00:00+00:00,0.6301,0.67,0.6165,0.6241,80912144.6
2024-12-13 00:00:00+00:00,0.6241,0.6316,0.6082,0.6218,56613201.2
2024-12-14 00:00:00+00:00,0.6218,0.6288,0.5847,0.6012,38587319.3
2024-12-15 00:00:00+00:00,0.6013,0.6198,0.5835,0.6168,39554227.5
2024-12-16 00:00:00+00:00,0.6169,0.6284,0.5855,0.5929,53983211.6
2024-12-17 00:00:00+00:00,0.5929,0.6003,0.5587,0.5665,61045097.9
2024-12-18 00:00:00+00:00,0.5668,0.5689,0.505,0.5161,85986528.3
2024-12-19 00:00:00+00:00,0.5161,0.5277,0.4585,0.4752,132132378.7
2024-12-20 00:00:00+00:00,0.4752,0.5043,0.412,0.4993,140494825.4
2024-12-21 00:00:00+00:00,0.4993,0.5231,0.4639,0.4734,56687431.0
2024-12-22 00:00:00+00:00,0.4735,0.4909,0.461,0.4736,47729993.9
2024-12-23 00:00:00+00:00,0.4737,0.5067,0.4615,0.5014,56884898.5
2024-12-24 00:00:00+00:00,0.5014,0.5339,0.4898,0.5285,50326463.1
2024-12-25 00:00:00+00:00,0.5284,0.5286,0.5038,0.5152,25570761.3
2024-12-26 00:00:00+00:00,0.5152,0.5205,0.4716,0.4765,31764593.1
2024-12-27 00:00:00+00:00,0.4765,0.5009,0.4718,0.4801,36969684.8
2024-12-28 00:00:00+00:00,0.4802,0.4938,0.4735,0.489,24434223.1
2024-12-29 00:00:00+00:00,0.489,0.4901,0.4615,0.4661,17171670.2
2024-12-30 00:00:00+00:00,0.466,0.4791,0.4502,0.4615,37804212.1
2024-12-31 00:00:00+00:00,0.4615,0.4763,0.4495,0.4524,36125080.0
2025-01-01 00:00:00+00:00,0.4523,0.4788,0.4456,0.4735,28011189.5
2025-01-02 00:00:00+00:00,0.4735,0.4962,0.472,0.4847,30781062.1
2025-01-03 00:00:00+00:00,0.4847,0.5234,0.4799,0.5192,34540751.1
2025-01-04 00:00:00+00:00,0.5192,0.5299,0.5117,0.5234,29520496.7
2025-01-05 00:00:00+00:00,0.5236,0.5262,0.506,0.5167,20758168.8
2025-01-06 00:00:00+00:00,0.5169,0.5386,0.508,0.5248,30319182.5
2025-01-07 00:00:00+00:00,0.5247,0.5268,0.4667,0.4697,51371701.8
2025-01-08 00:00:00+00:00,0.4698,0.4759,0.4385,0.4638,46981083.8
2025-01-09 00:00:00+00:00,0.4638,0.4672,0.439,0.4489,32432403.1
2025-01-10 00:00:00+00:00,0.4489,0.4647,0.445,0.4578,25176427.9
2025-01-11 00:00:00+00:00,0.4577,0.4646,0.4507,0.4596,13704557.4
2025-01-12 00:00:00+00:00,0.4597,0.4635,0.445,0.4504,12049324.9
2025-01-13 00:00:00+00:00,0.4505,0.4601,0.4093,0.439,48889438.7
2025-01-14 00:00:00+00:00,0.4392,0.4584,0.4368,0.4556,19301167.5
2025-01-15 00:00:00+00:00,0.4556,0.4888,0.447,0.4874,37790749.6
2025-01-16 00:00:00+00:00,0.4874,0.4891,0.4673,0.4736,38812129.7
2025-01-17 00:00:00+00:00,0.4737,0.517,0.4737,0.5076,44121683.3
2025-01-18 00:00:00+00:00,0.5077,0.5135,0.4692,0.4832,56678113.4
2025-01-19 00:00:00+00:00,0.4832,0.4947,0.4343,0.4454,96387717.2
2025-01-20 00:00:00+00:00,0.4454,0.4895,0.429,0.4421,108578282.8
2025-01-21 00:00:00+00:00,0.4419,0.4647,0.4281,0.4528,46865901.1
2025-01-22 00:00:00+00:00,0.4526,0.4558,0.4393,0.4421,22418973.8
2025-01-23 00:00:00+00:00,0.4423,0.448,0.4291,0.4418,41499871.5
2025-01-24 00:00:00+00:00,0.4418,0.4498,0.4273,0.433,35251900.5
2025-01-25 00:00:00+00:00,0.4331,0.4389,0.4285,0.4345,17352337.3
2025-01-26 00:00:00+00:00,0.4344,0.4478,0.4326,0.4346,25324385.3
2025-01-27 00:00:00+00:00,0.4344,0.4397,0.3896,0.4152,66978085.9
2025-01-28 00:00:00+00:00,0.4152,0.4191,0.3858,0.3905,31053940.9
2025-01-29 00:00:00+00:00,0.3904,0.4065,0.3811,0.3947,34905992.3
2025-01-30 00:00:00+00:00,0.3946,0.4207,0.3919,0.4112,28874735.1
2025-01-31 00:00:00+00:00,0.4114,0.4238,0.402,0.4075,32161215.7
2025-02-01 00:00:00+00:00,0.4076,0.414,0.3719,0.3746,29448391.4
2025-02-02 00:00:00+00:00,0.3746,0.3862,0.3175,0.3336,93788584.3
2025-02-03 00:00:00+00:00,0.3336,0.3457,0.2434,0.3413,224047256.5
2025-02-04 00:00:00+00:00,0.3413,0.3433,0.3024,0.313,71128803.4
2025-02-05 00:00:00+00:00,0.3128,0.3247,0.3071,0.3112,39503340.4
2025-02-06 00:00:00+00:00,0.3112,0.3211,0.2945,0.2969,39697881.2
2025-02-07 00:00:00+00:00,0.297,0.3198,0.2895,0.2989,45356376.1
2025-02-08 00:00:00+00:00,0.2988,0.3101,0.2966,0.309,22539480.8
2025-02-09 00:00:00+00:00,0.309,0.3176,0.2922,0.3037,28976420.8
2025-02-10 00:00:00+00:00,0.3038,0.3135,0.2943,0.3133,28554300.8
2025-02-11 00:00:00+00:00,0.3133,0.3295,0.3039,0.3072,33948475.2
2025-02-12 00:00:00+00:00,0.3071,0.3329,0.2995,0.3291,43120464.3
2025-02-13 00:00:00+00:00,0.3292,0.3315,0.3111,0.3177,32740960.8
2025-02-14 00:00:00+00:00,0.3176,0.3299,0.3157,0.3231,28721787.0
2025-02-15 00:00:00+00:00,0.323,0.3276,0.3151,0.3177,15113244.1
2025-02-16 00:00:00+00:00,0.3177,0.332,0.3147,0.3261,21707633.7
2025-02-17 00:00:00+00:00,0.3259,0.3345,0.3125,0.3199,39232623.9
2025-02-18 00:00:00+00:00,0.3198,0.3209,0.2914,0.3026,51943625.9
2025-02-19 00:00:00+00:00,0.3027,0.3092,0.2973,0.3015,43009257.6
2025-02-20 00:00:00+00:00,0.3016,0.31,0.2988,0.3074,37122347.5
2025-02-21 00:00:00+00:00,0.3075,0.3165,0.2864,0.2927,74670273.9
2025-02-22 00:00:00+00:00,0.2927,0.2995,0.2906,0.2973,55154297.7
2025-02-23 00:00:00+00:00,0.2972,0.2994,0.2899,0.2961,28246461.3
2025-02-24 00:00:00+00:00,0.2962,0.2984,0.2627,0.2668,84025850.1
2025-02-25 00:00:00+00:00,0.2669,0.2756,0.249,0.2721,90467357.1
2025-02-26 00:00:00+00:00,0.2721,0.2828,0.2642,0.274,62810735.5
2025-02-27 00:00:00+00:00,0.274,0.2875,0.2697,0.277,38704673.8
2025-02-28 00:00:00+00:00,0.277,0.2777,0.255,0.2718,68719072.3
2025-03-01 00:00:00+00:00,0.2718,0.2856,0.2655,0.2825,29062140.6
2025-03-02 00:00:00+00:00,0.2825,0.3104,0.2748,0.3033,80305173.7
2025-03-03 00:00:00+00:00,0.3034,0.3039,0.2501,0.255,85401944.5
2025-03-04 00:00:00+00:00,0.2549,0.2568,0.2286,0.2487,111669961.6
2025-03-05 00:00:00+00:00,0.2487,0.258,0.245,0.2556,41753340.0
2025-03-06 00:00:00+00:00,0.2556,0.2606,0.2449,0.2495,35008664.4
2025-03-07 00:00:00+00:00,0.2495,0.2529,0.2364,0.2416,59155253.1
2025-03-08 00:00:00+00:00,0.2415,0.2476,0.2369,0.2461,22022363.9
2025-03-09 00:00:00+00:00,0.2461,0.2473,0.2188,0.2209,44758387.8
2025-03-10 00:00:00+00:00,0.221,0.232,0.1997,0.204,80162681.2
2025-03-11 00:00:00+00:00,0.2041,0.2182,0.1906,0.2147,70869397.6
2025-03-12 00:00:00+00:00,0.2147,0.2244,0.2088,0.2168,43708757.4
2025-03-13 00:00:00+00:00,0.2168,0.221,0.2061,0.2108,31236163.0
2025-03-14 00:00:00+00:00,0.2109,0.2186,0.21,0.2148,28042178.7
2025-03-15 00:00:00+00:00,0.2149,0.2195,0.2137,0.2188,20504305.7
2025-03-16 00:00:00+00:00,0.2189,0.2196,0.2068,0.21,48521029.1
2025-03-17 00:00:00+00:00,0.21,0.2208,0.2094,0.2145,35935672.6
2025-03-18 00:00:00+00:00,0.2145,0.2148,0.2028,0.2118,35880783.7
2025-03-19 00:00:00+00:00,0.2118,0.2215,0.2101,0.2203,52406457.9
2025-03-20 00:00:00+00:00,0.2202,0.2211,0.2093,0.2118,30113593.4
2025-03-21 00:00:00+00:00,0.2118,0.2137,0.2039,0.2058,30084146.7
2025-03-22 00:00:00+00:00,0.2058,0.2132,0.2057,0.2094,19453377.5
2025-03-23 00:00:00+00:00,0.2094,0.2136,0.208,0.213,22835178.1
2025-03-24 00:00:00+00:00,0.2129,0.2227,0.2098,0.2196,45810494.4
2025-03-25 00:00:00+00:00,0.2195,0.2296,0.2166,0.2289,51842504.0
2025-03-26 00:00:00+00:00,0.2289,0.2467,0.2282,0.2326,72188133.1
2025-03-27 00:00:00+00:00,0.2325,0.2428,0.2296,0.231,45931440.7
2025-03-28 00:00:00+00:00,0.231,0.2314,0.2075,0.2125,68409623.3
2025-03-29 00:00:00+00:00,0.2125,0.2133,0.1974,0.2024,46181969.4
2025-03-30 00:00:00+00:00,0.2024,0.207,0.1998,0.2037,30445334.2
2025-03-31 00:00:00+00:00,0.204,0.2094,0.1996,0.2022,44603644.7
2025-04-01 00:00:00+00:00,0.2021,0.2078,0.1987,0.201,61254202.0
2025-04-02 00:00:00+00:00,0.201,0.2012,0.1823,0.1859,97215647.5
2025-04-03 00:00:00+00:00,0.1858,0.1906,0.178,0.1895,57260853.6
2025-04-04 00:00:00+00:00,0.1896,0.193,0.1861,0.1907,47193608.7
2025-04-05 00:00:00+00:00,0.1906,0.1912,0.186,0.1875,19090385.1
2025-04-06 00:00:00+00:00,0.1876,0.1884,0.1672,0.1712,56414546.2
2025-04-07 00:00:00+00:00,0.1713,0.1785,0.1519,0.1734,129495489.7
2025-04-08 00:00:00+00:00,0.1735,0.18,0.1654,0.1671,43656790.2
2025-04-09 00:00:00+00:00,0.1672,0.189,0.1617,0.1867,67312448.9
2025-04-10 00:00:00+00:00,0.1867,0.187,0.1755,0.1817,44218057.3
2025-04-11 00:00:00+00:00,0.1817,0.1868,0.1804,0.1825,40405492.8
2025-04-12 00:00:00+00:00,0.1826,0.1926,0.1808,0.1902,34596953.6
2025-04-13 00:00:00+00:00,0.1902,0.1935,0.1807,0.1827,42877173.9
2025-04-14 00:00:00+00:00,0.1827,0.1875,0.18,0.1825,47244758.4
2025-04-15 00:00:00+00:00,0.1825,0.1867,0.1792,0.1798,27648862.4
2025-04-16 00:00:00+00:00,0.1797,0.1845,0.1753,0.1785,34150555.4
2025-04-17 00:00:00+00:00,0.1785,0.1848,0.1774,0.1821,27894131.8
2025-04-18 00:00:00+00:00,0.1821,0.1909,0.1817,0.1884,25119636.5
2025-04-19 00:00:00+00:00,0.1884,0.1929,0.1883,0.1911,23185561.4
2025-04-20 00:00:00+00:00,0.1911,0.1926,0.1872,0.1908,29771132.3
2025-04-21 00:00:00+00:00,0.1909,0.2051,0.1905,0.1991,55817733.7
2025-04-22 00:00:00+00:00,0.1991,0.2226,0.1959,0.2198,109908135.5
2025-04-23 00:00:00+00:00,0.2199,0.2277,0.2169,0.2214,65931812.8
2025-04-24 00:00:00+00:00,0.2213,0.27,0.2152,0.2469,189092270.4
2025-04-25 00:00:00+00:00,0.2469,0.252,0.2387,0.2492,81074627.2
2025-04-26 00:00:00+00:00,0.2492,0.2542,0.2427,0.2452,38233401.3
2025-04-27 00:00:00+00:00,0.2453,0.2505,0.2364,0.2403,42562188.9
2025-04-28 00:00:00+00:00,0.2401,0.2475,0.2298,0.2392,78572854.2
2025-04-29 00:00:00+00:00,0.2393,0.2439,0.2333,0.2362,33467614.2
2025-04-30 00:00:00+00:00,0.2361,0.2433,0.2256,0.2375,37344879.9
2025-05-01 00:00:00+00:00,0.2374,0.2467,0.2368,0.2396,37545555.2
2025-05-02 00:00:00+00:00,0.2396,0.2432,0.2346,0.2396,29266328.4
2025-05-03 00:00:00+00:00,0.2396,0.24,0.2274,0.2299,21763695.7
2025-05-04 00:00:00+00:00,0.2298,0.2331,0.2275,0.2291,17269763.4
2025-05-05 00:00:00+00:00,0.229,0.2351,0.2208,0.2234,30169719.8
2025-05-06 00:00:00+00:00,0.2234,0.2244,0.2078,0.2181,44190332.2
2025-05-07 00:00:00+00:00,0.2182,0.2219,0.2149,0.2187,35187740.5
2025-05-08 00:00:00+00:00,0.2186,0.256,0.217,0.2509,64591504.7
2025-05-09 00:00:00+00:00,0.2509,0.263,0.2463,0.2529,63605960.5
2025-05-10 00:00:00+00:00,0.2529,0.2754,0.2511,0.2743,63160845.0
2025-05-11 00:00:00+00:00,0.2743,0.2766,0.2527,0.2551,50817314.1
2025-05-12 00:00:00+00:00,0.2551,0.2703,0.2464,0.2552,97091012.7
2025-05-13 00:00:00+00:00,0.2551,0.2644,0.2437,0.2594,68960632.0
2025-05-14 00:00:00+00:00,0.2594,0.264,0.2468,0.2494,43639153.3
2025-05-15 00:00:00+00:00,0.2494,0.2516,0.2312,0.2354,64713456.4
2025-05-16 00:00:00+00:00,0.2355,0.2458,0.2338,0.2381,37154004.2
2025-05-17 00:00:00+00:00,0.238,0.2383,0.2266,0.2314,34186458.9
2025-05-18 00:00:00+00:00,0.2316,0.2448,0.2273,0.242,34697212.0
2025-05-19 00:00:00+00:00,0.2421,0.2436,0.2268,0.233,38292255.5
2025-05-20 00:00:00+00:00,0.233,0.2378,0.2257,0.2318,36834454.4
2025-05-21 00:00:00+00:00,0.2319,0.2448,0.2292,0.242,62401509.3
2025-05-22 00:00:00+00:00,0.242,0.2534,0.242,0.2511,47147006.0
2025-05-23 00:00:00+00:00,0.2513,0.2574,0.2334,0.235,61499875.7
2025-05-24 00:00:00+00:00,0.235,0.2404,0.2317,0.2331,23441059.9
2025-05-25 00:00:00+00:00,0.2329,0.2364,0.2267,0.2359,27100818.0
2025-05-26 00:00:00+00:00,0.2359,0.239,0.2281,0.231,31784735.9
2025-05-27 00:00:00+00:00,0.231,0.2355,0.2263,0.2298,36087376.5
2025-05-28 00:00:00+00:00,0.2298,0.2337,0.2227,0.229,34787044.0
2025-05-29 00:00:00+00:00,0.229,0.236,0.2238,0.2247,33655325.6
2025-05-30 00:00:00+00:00,0.2247,0.228,0.2041,0.2063,63601000.6
2025-05-31 00:00:00+00:00,0.2063,0.218,0.2005,0.2139,36957129.9
2025-06-01 00:00:00+00:00,0.214,0.2167,0.2096,0.2151,18924889.5
2025-06-02 00:00:00+00:00,0.2152,0.2194,0.2109,0.2187,23758509.7
2025-06-03 00:00:00+00:00,0.2186,0.221,0.2126,0.2152,21798309.6
2025-06-04 00:00:00+00:00,0.2152,0.2196,0.2118,0.2131,38019236.8
2025-06-05 00:00:00+00:00,0.2131,0.2169,0.1951,0.1989,54526956.5
2025-06-06 00:00:00+00:00,0.1988,0.226,0.1979,0.2143,66105453.9
2025-06-07 00:00:00+00:00,0.2144,0.2192,0.2126,0.213,30792437.7
2025-06-08 00:00:00+00:00,0.213,0.2142,0.208,0.2102,20218964.7
2025-06-09 00:00:00+00:00,0.2103,0.2193,0.2076,0.2188,21289380.2
2025-06-10 00:00:00+00:00,0.2189,0.2271,0.2144,0.2257,38002134.3
2025-06-11 00:00:00+00:00,0.2258,0.2402,0.2188,0.2302,79474241.8
2025-06-12 00:00:00+00:00,0.2301,0.233,0.2093,0.2108,52839886.9
2025-06-13 00:00:00+00:00,0.2107,0.2109,0.1905,0.2045,80003771.8
2025-06-14 00:00:00+00:00,0.2044,0.2046,0.1957,0.1988,23102198.2
2025-06-15 00:00:00+00:00,0.1988,0.201,0.195,0.1987,20064274.0
2025-06-16 00:00:00+00:00,0.1987,0.208,0.1966,0.1997,33462469.9
2025-06-17 00:00:00+00:00,0.1997,0.2029,0.1928,0.1943,35942927.1
2025-06-18 00:00:00+00:00,0.1944,0.1975,0.182,0.1902,49940998.0
2025-06-19 00:00:00+00:00,0.1901,0.1924,0.1846,0.1871,43985729.9
2025-06-20 00:00:00+00:00,0.1871,0.1924,0.1797,0.1825,55819456.8
2025-06-21 00:00:00+00:00,0.1826,0.1884,0.1666,0.1727,51534724.0
2025-06-22 00:00:00+00:00,0.1728,0.1753,0.1636,0.1726,58384737.0
2025-06-23 00:00:00+00:00,0.1726,0.1831,0.1666,0.1813,81176178.7
2025-06-24 00:00:00+00:00,0.1813,0.1854,0.1789,0.1842,60442042.4
2025-06-25 00:00:00+00:00,0.1842,0.1851,0.1766,0.1775,40961340.6
2025-06-26 00:00:00+00:00,0.1776,0.1811,0.1708,0.1728,32249504.0
2025-06-27 00:00:00+00:00,0.1728,0.1767,0.1714,0.1744,25793169.3
2025-06-28 00:00:00+00:00,0.1744,0.1789,0.1739,0.178,21698233.5
2025-06-29 00:00:00+00:00,0.1781,0.1868,0.1764,0.1845,26118837.4
2025-06-30 00:00:00+00:00,0.1846,0.1931,0.181,0.1885,37248379.2
2025-07-01 00:00:00+00:00,0.1885,0.1893,0.1754,0.1769,33481245.1
2025-07-02 00:00:00+00:00,0.1768,0.192,0.1747,0.1881,33544697.0
2025-07-03 00:00:00+00:00,0.1882,0.1925,0.1853,0.1872,25935481.1
2025-07-04 00:00:00+00:00,0.1872,0.1883,0.1773,0.1795,33245804.3
2025-07-05 00:00:00+00:00,0.1795,0.1834,0.1787,0.1824,20827281.3
2025-07-06 00:00:00+00:00,0.1823,0.186,0.1799,0.1837,20164485.5
2025-07-07 00:00:00+00:00,0.1837,0.1873,0.1824,0.1848,21687623.3
2025-07-08 00:00:00+00:00,0.1848,0.1957,0.1828,0.1925,37093748.5
2025-07-09 00:00:00+00:00,0.1926,0.2085,0.1916,0.208,64731485.9
2025-07-10 00:00:00+00:00,0.208,0.2238,0.2038,0.2203,55494619.0
2025-07-11 00:00:00+00:00,0.2204,0.2404,0.2173,0.2292,76751327.2
2025-07-12 00:00:00+00:00,0.2293,0.2364,0.2212,0.2263,47717419.0
2025-07-13 00:00:00+00:00,0.2262,0.2355,0.2251,0.233,30147151.8
2025-07-14 00:00:00+00:00,0.2331,0.245,0.2264,0.2288,60980327.3
2025-07-15 00:00:00+00:00,0.2288,0.2342,0.2192,0.2342,66752279.0
2025-07-16 00:00:00+00:00,0.2341,0.2398,0.2285,0.2325,56051197.8
2025-07-17 00:00:00+00:00,0.2326,0.2394,0.2247,0.2367,66111538.2
2025-07-18 00:00:00+00:00,0.2368,0.2538,0.2312,0.2353,92041803.4
2025-07-19 00:00:00+00:00,0.2353,0.2405,0.2305,0.2401,39025442.1
2025-07-20 00:00:00+00:00,0.2402,0.2562,0.2385,0.2521,60698390.8
2025-07-21 00:00:00+00:00,0.2521,0.2637,0.2464,0.2584,65871944.9
2025-07-22 00:00:00+00:00,0.2585,0.2585,0.2428,0.2546,74637854.8
2025-07-23 00:00:00+00:00,0.2545,0.2548,0.2241,0.2316,103268329.3
2025-07-24 00:00:00+00:00,0.2317,0.2377,0.2168,0.2291,69027136.0
2025-07-25 00:00:00+00:00,0.2291,0.2351,0.2233,0.2334,49294503.8
2025-07-26 00:00:00+00:00,0.2335,0.2421,0.232,0.2353,28927004.8
2025-07-27 00:00:00+00:00,0.2354,0.242,0.235,0.2401,28767798.3
2025-07-28 00:00:00+00:00,0.2401,0.2446,0.2251,0.2267,59735436.4
2025-07-29 00:00:00+00:00,0.2267,0.2329,0.2177,0.2216,51758330.3
2025-07-30 00:00:00+00:00,0.2216,0.2235,0.2072,0.2166,62832827.3
2025-07-31 00:00:00+00:00,0.2166,0.2223,0.204,0.2049,53410431.7
2025-08-01 00:00:00+00:00,0.205,0.2052,0.1928,0.1972,96146868.7
2025-08-02 00:00:00+00:00,0.1973,0.2005,0.1902,0.1936,42904058.2
2025-08-03 00:00:00+00:00,0.1935,0.2034,0.1912,0.2021,28645671.2
2025-08-04 00:00:00+00:00,0.2021,0.2133,0.2004,0.2116,40194049.8
2025-08-05 00:00:00+00:00,0.2116,0.2265,0.2071,0.2132,83220371.6
2025-08-06 00:00:00+00:00,0.2132,0.2271,0.2069,0.2243,58039280.0
2025-08-07 00:00:00+00:00,0.2243,0.2401,0.2225,0.2366,87456469.5
2025-08-08 00:00:00+00:00,0.2366,0.2488,0.2319,0.2443,105112145.4
2025-08-09 00:00:00+00:00,0.2443,0.252,0.2442,0.2479,57755744.2
2025-08-10 00:00:00+00:00,0.248,0.2523,0.2378,0.2409,58325027.5
2025-08-11 00:00:00+00:00,0.241,0.2478,0.2333,0.2369,59055068.5
2025-08-12 00:00:00+00:00,0.2369,0.2502,0.2308,0.2478,56730389.8
2025-08-13 00:00:00+00:00,0.2478,0.2576,0.2458,0.257,98384019.2
2025-08-14 00:00:00+00:00,0.257,0.2612,0.231,0.2384,126666557.0
2025-08-15 00:00:00+00:00,0.2384,0.243,0.2273,0.2336,78120572.6
2025-08-16 00:00:00+00:00,0.2335,0.2381,0.2313,0.2369,32727196.8
2025-08-17 00:00:00+00:00,0.2369,0.2556,0.2355,0.2466,59849350.5
2025-08-18 00:00:00+00:00,0.2466,0.2612,0.2392,0.2594,202277432.3
2025-08-19 00:00:00+00:00,0.2595,0.2677,0.2315,0.2318,173526850.8
2025-08-20 00:00:00+00:00,0.2318,0.2466,0.2318,0.2438,85704595.7
2025-08-21 00:00:00+00:00,0.2439,0.247,0.2352,0.236,49840664.5
2025-08-22 00:00:00+00:00,0.2361,0.2565,0.2309,0.2537,98078660.3
2025-08-23 00:00:00+00:00,0.2538,0.2541,0.2438,0.25,55589736.3
2025-08-24 00:00:00+00:00,0.25,0.2634,0.2424,0.253,98006678.9
2025-08-25 00:00:00+00:00,0.253,0.2543,0.2296,0.2332,86075933.9
2025-08-26 00:00:00+00:00,0.2332,0.2484,0.2302,0.2444,61238556.4
2025-08-27 00:00:00+00:00,0.2445,0.2466,0.2384,0.2408,50223650.5
2025-08-28 00:00:00+00:00,0.2408,0.2487,0.2381,0.2485,51084367.5
2025-08-29 00:00:00+00:00,0.2485,0.2627,0.2369,0.2412,132071777.3
2025-08-30 00:00:00+00:00,0.2413,0.2594,0.2367,0.257,86181622.6
2025-08-31 00:00:00+00:00,0.2569,0.295,0.2535,0.2779,281870808.6
2025-09-01 00:00:00+00:00,0.2778,0.2853,0.268,0.2715,201135662.4
2025-09-02 00:00:00+00:00,0.2716,0.2923,0.2692,0.2892,159596469.8
2025-09-03 00:00:00+00:00,0.2892,0.2964,0.28,0.2823,76773078.6
2025-09-04 00:00:00+00:00,0.2824,0.2868,0.2711,0.28,87258628.4
2025-09-05 00:00:00+00:00,0.28,0.2909,0.2763,0.2785,74250759.4
2025-09-06 00:00:00+00:00,0.2785,0.2849,0.2724,0.2733,43132459.6
2025-09-07 00:00:00+00:00,0.2734,0.2818,0.2731,0.2772,36945516.5
2025-09-08 00:00:00+00:00,0.2771,0.2805,0.2711,0.2738,54492088.6
2025-09-09 00:00:00+00:00,0.2738,0.282,0.2666,0.2696,62016809.4
2025-09-10 00:00:00+00:00,0.2696,0.2735,0.2651,0.2712,53068433.4
2025-09-11 00:00:00+00:00,0.2711,0.2752,0.2671,0.2726,55473071.9
2025-09-12 00:00:00+00:00,0.2725,0.2746,0.2674,0.2733,57310236.7
2025-09-13 00:00:00+00:00,0.2733,0.2876,0.2723,0.2832,84419964.0
2025-09-14 00:00:00+00:00,0.2831,0.2839,0.2691,0.2717,52825880.6
2025-09-15 00:00:00+00:00,0.2716,0.2745,0.254,0.2576,74666272.3
2025-09-16 00:00:00+00:00,0.2576,0.2611,0.2531,0.2573,54735017.6
2025-09-17 00:00:00+00:00,0.2574,0.264,0.2497,0.2621,80379173.0
2025-09-18 00:00:00+00:00,0.2621,0.2648,0.2585,0.2609,52912793.1
2025-09-19 00:00:00+00:00,0.261,0.2642,0.2476,0.25,55464669.2
2025-09-20 00:00:00+00:00,0.2499,0.254,0.2484,0.2499,23538714.3
2025-09-21 00:00:00+00:00,0.2499,0.2517,0.2452,0.2453,23587910.8
2025-09-22 00:00:00+00:00,0.2453,0.2461,0.2151,0.2275,100191521.3
2025-09-23 00:00:00+00:00,0.2275,0.2303,0.2221,0.2252,54542637.0
2025-09-24 00:00:00+00:00,0.2252,0.2291,0.2206,0.2248,41922487.8
2025-09-25 00:00:00+00:00,0.2248,0.2253,0.21,0.2163,70749720.6
2025-09-26 00:00:00+00:00,0.2164,0.2229,0.2141,0.2213,49782038.0
2025-09-27 00:00:00+00:00,0.2213,0.2249,0.2203,0.223,25827307.4
2025-09-28 00:00:00+00:00,0.223,0.2288,0.2206,0.2284,32120757.5
2025-09-29 00:00:00+00:00,0.2284,0.2301,0.2234,0.2259,38469563.2
2025-09-30 00:00:00+00:00,0.2259,0.2274,0.2198,0.2245,33990989.8
2025-10-01 00:00:00+00:00,0.2246,0.239,0.223,0.2386,46797683.6
2025-10-02 00:00:00+00:00,0.2386,0.2424,0.2331,0.2403,52992807.5
2025-10-03 00:00:00+00:00,0.2403,0.2453,0.2365,0.2408,47157264.1
2025-10-04 00:00:00+00:00,0.2409,0.2415,0.2343,0.2364,26480699.6
2025-10-05 00:00:00+00:00,0.2363,0.2459,0.2356,0.2377,36873572.4
2025-10-06 00:00:00+00:00,0.2377,0.2536,0.2353,0.2498,63648281.9
2025-10-07 00:00:00+00:00,0.2498,0.2511,0.2357,0.2371,75097876.7
2025-10-08 00:00:00+00:00,0.2371,0.2443,0.2341,0.2412,37090577.5
2025-10-09 00:00:00+00:00,0.2412,0.2417,0.2323,0.2361,51505219.3
2025-10-10 00:00:00+00:00,0.2361,0.2402,0.1152,0.1834,185170918.1
2025-10-11 00:00:00+00:00,0.1834,0.2019,0.1793,0.1854,104641544.1
2025-10-12 00:00:00+00:00,0.1854,0.2039,0.1818,0.1997,72291291.2
2025-10-13 00:00:00+00:00,0.1996,0.2123,0.1973,0.2096,73929661.2
2025-10-14 00:00:00+00:00,0.2097,0.2099,0.1899,0.2018,83710641.8
2025-10-15 00:00:00+00:00,0.2019,0.2059,0.1921,0.1956,47363055.3
2025-10-16 00:00:00+00:00,0.1955,0.199,0.1841,0.1885,53574867.7
2025-10-17 00:00:00+00:00,0.1885,0.192,0.1753,0.1864,61339870.4
2025-10-18 00:00:00+00:00,0.1864,0.1914,0.1852,0.1894,22762681.4
2025-10-19 00:00:00+00:00,0.1893,0.1981,0.1865,0.1952,31397580.2
2025-10-20 00:00:00+00:00,0.1952,0.2031,0.1915,0.2006,37523474.7
2025-10-21 00:00:00+00:00,0.2006,0.2051,0.1928,0.1938,46139456.8
2025-10-22 00:00:00+00:00,0.1938,0.1959,0.1841,0.1895,40865895.8
2025-10-23 00:00:00+00:00,0.1895,0.195,0.189,0.1929,22714193.3
2025-10-24 00:00:00+00:00,0.1929,0.1976,0.1906,0.1949,25218697.1
2025-10-25 00:00:00+00:00,0.1948,0.1972,0.1927,0.1959,14130691.9
2025-10-26 00:00:00+00:00,0.196,0.2042,0.1937,0.2021,25972395.8
2025-10-27 00:00:00+00:00,0.2022,0.207,0.1968,0.1995,32546287.6
2025-10-28 00:00:00+00:00,0.1996,0.2031,0.1907,0.1947,37708552.5
2025-10-29 00:00:00+00:00,0.1947,0.2006,0.1918,0.1954,37228297.0
2025-10-30 00:00:00+00:00,0.1954,0.1975,0.179,0.1848,54635748.5
2025-10-31 00:00:00+00:00,0.1849,0.1904,0.1799,0.1843,46394310.2
2025-11-01 00:00:00+00:00,0.1843,0.1931,0.1829,0.1929,31370199.8
2025-11-02 00:00:00+00:00,0.1928,0.1953,0.1872,0.1927,33202206.7
2025-11-03 00:00:00+00:00,0.1928,0.193,0.1639,0.1686,71772698.3
2025-11-04 00:00:00+00:00,0.1686,0.1733,0.1528,0.1623,91875177.7
2025-11-05 00:00:00+00:00,0.1623,0.1709,0.1546,0.1688,66579408.3
2025-11-06 00:00:00+00:00,0.1687,0.1702,0.1597,0.1638,47644658.2
2025-11-07 00:00:00+00:00,0.1638,0.1867,0.1636,0.1813,80962053.1
2025-11-08 00:00:00+00:00,0.1813,0.1877,0.1747,0.1792,54564783.3
2025-11-09 00:00:00+00:00,0.1792,0.1824,0.1718,0.1802,40675048.2
2025-11-10 00:00:00+00:00,0.1802,0.1852,0.1764,0.1826,58879509.5
2025-11-11 00:00:00+00:00,0.1826,0.1858,0.171,0.1712,58333159.6
2025-11-12 00:00:00+00:00,0.1713,0.1789,0.167,0.1695,63644303.0
2025-11-13 00:00:00+00:00,0.1695,0.1771,0.1606,0.166,87491628.6
2025-11-14 00:00:00+00:00,0.1661,0.1671,0.1483,0.1517,156817880.3
2025-11-15 00:00:00+00:00,0.1518,0.158,0.1515,0.1557,49684937.9
2025-11-16 00:00:00+00:00,0.1557,0.158,0.1471,0.15,79206398.4
2025-11-17 00:00:00+00:00,0.1499,0.1544,0.1406,0.1448,117876106.2
2025-11-18 00:00:00+00:00,0.1448,0.1532,0.1418,0.1494,111070665.5
2025-11-19 00:00:00+00:00,0.1494,0.1505,0.1386,0.1454,69326581.4
2025-11-20 00:00:00+00:00,0.1453,0.1527,0.1384,0.1402,94828673.6
2025-11-21 00:00:00+00:00,0.1401,0.1429,0.1274,0.1325,136098132.2
2025-11-22 00:00:00+00:00,0.1325,0.1351,0.1293,0.1338,60626156.3
2025-11-23 00:00:00+00:00,0.1337,0.137,0.1332,0.1333,48576169.6
2025-11-24 00:00:00+00:00,0.1332,0.1403,0.1312,0.1372,95333260.2
2025-11-25 00:00:00+00:00,0.1373,0.1381,0.1322,0.1364,62686067.5
2025-11-26 00:00:00+00:00,0.1365,0.1389,0.1323,0.138,57331856.8
2025-11-27 00:00:00+00:00,0.1379,0.1401,0.1359,0.1377,46353527.3
2025-11-28 00:00:00+00:00,0.1377,0.1399,0.1336,0.1353,53241897.6
2025-11-29 00:00:00+00:00,0.1352,0.1366,0.1326,0.1336,27901468.4
2025-11-30 00:00:00+00:00,0.1336,0.1354,0.1325,0.1329,27017442.1
2025-12-01 00:00:00+00:00,0.1329,0.1331,0.1168,0.1198,110836582.0
2025-12-02 00:00:00+00:00,0.1197,0.1337,0.1168,0.1295,80687260.8
2025-12-03 00:00:00+00:00,0.1294,0.131,0.1258,0.1292,77179999.6
2025-12-04 00:00:00+00:00,0.1293,0.1305,0.1223,0.1246,46212492.6
2025-12-05 00:00:00+00:00,0.1246,0.1256,0.1173,0.1201,65367936.6
2025-12-06 00:00:00+00:00,0.1202,0.1256,0.1193,0.1231,38666663.2
2025-12-07 00:00:00+00:00,0.1232,0.1249,0.1181,0.1205,45397814.2
2025-12-08 00:00:00+00:00,0.1204,0.1263,0.1199,0.1237,52004696.4
2025-12-09 00:00:00+00:00,0.1238,0.1305,0.1214,0.1267,65291336.7
2025-12-10 00:00:00+00:00,0.1268,0.1287,0.1229,0.1234,61877950.7
2025-12-11 00:00:00+00:00,0.1235,0.1236,0.118,0.1212,56468505.0
2025-12-12 00:00:00+00:00,0.1213,0.1229,0.1156,0.1195,57192323.2
2025-12-13 00:00:00+00:00,0.1196,0.1221,0.1193,0.1211,27035575.6
2025-12-14 00:00:00+00:00,0.121,0.1212,0.1157,0.1171,39522530.7
2025-12-15 00:00:00+00:00,0.1171,0.1216,0.1099,0.1129,91125022.5
2025-12-16 00:00:00+00:00,0.1128,0.1147,0.1096,0.114,67853595.8
2025-12-17 00:00:00+00:00,0.114,0.1158,0.1061,0.1072,75835106.2
2025-12-18 00:00:00+00:00,0.1072,0.1123,0.1019,0.1035,127809776.2
2025-12-19 00:00:00+00:00,0.1036,0.1104,0.1017,0.109,90458931.1
2025-12-20 00:00:00+00:00,0.1091,0.1122,0.1085,0.1105,37575279.5
2025-12-21 00:00:00+00:00,0.1104,0.111,0.1058,0.1075,34162371.7
2025-12-22 00:00:00+00:00,0.1076,0.1104,0.1059,0.1081,54370971.4
2025-12-23 00:00:00+00:00,0.1081,0.1089,0.104,0.1067,44699083.8
2025-12-24 00:00:00+00:00,0.1067,0.1074,0.104,0.1064,30222214.4
2025-12-25 00:00:00+00:00,0.1064,0.1072,0.1025,0.1028,40336934.6
2025-12-26 00:00:00+00:00,0.1028,0.1066,0.1022,0.1036,39357837.8
2025-12-27 00:00:00+00:00,0.1037,0.1079,0.1034,0.1078,34488009.2
2025-12-28 00:00:00+00:00,0.1079,0.1087,0.1062,0.1074,42198444.9
2025-12-29 00:00:00+00:00,0.1074,0.1097,0.1035,0.104,49987909.8
2025-12-30 00:00:00+00:00,0.104,0.1047,0.102,0.1027,44846051.0
2025-12-31 00:00:00+00:00,0.1027,0.1035,0.0997,0.1005,42355745.1
2026-01-01 00:00:00+00:00,0.1006,0.1069,0.0985,0.1063,50517440.6
2026-01-02 00:00:00+00:00,0.1064,0.1139,0.1057,0.1134,67658653.1
2026-01-03 00:00:00+00:00,0.1135,0.1168,0.1113,0.1156,48847498.6
2026-01-04 00:00:00+00:00,0.1156,0.1232,0.1155,0.1217,45125749.5
2026-01-05 00:00:00+00:00,0.1216,0.1263,0.119,0.125,60232492.6
2026-01-06 00:00:00+00:00,0.125,0.1336,0.124,0.1282,93881246.7
2026-01-07 00:00:00+00:00,0.1282,0.1309,0.1248,0.1282,75712366.6
2026-01-08 00:00:00+00:00,0.1282,0.138,0.1244,0.1359,116520133.5
2026-01-09 00:00:00+00:00,0.1359,0.1602,0.1356,0.1558,258423269.4
2026-01-10 00:00:00+00:00,0.1557,0.1866,0.1542,0.1775,389986948.0
2026-01-11 00:00:00+00:00,0.1775,0.1855,0.1618,0.1642,243028219.8
2026-01-12 00:00:00+00:00,0.1642,0.1656,0.1496,0.151,199244050.4
2026-01-13 00:00:00+00:00,0.1509,0.1622,0.1484,0.1574,144494966.0
2026-01-14 00:00:00+00:00,0.1575,0.1676,0.1543,0.1555,136157282.8
2026-01-15 00:00:00+00:00,0.1555,0.1616,0.1484,0.1493,100318023.8
2026-01-16 00:00:00+00:00,0.1493,0.1505,0.1384,0.1446,73937077.5
2026-01-17 00:00:00+00:00,0.1446,0.1495,0.144,0.1451,62926970.4
2026-01-18 00:00:00+00:00,0.1452,0.1468,0.1376,0.138,55141534.3
2026-01-19 00:00:00+00:00,0.138,0.1405,0.1259,0.1363,98616665.5
2026-01-20 00:00:00+00:00,0.1362,0.1373,0.1291,0.1311,60502413.7
2026-01-21 00:00:00+00:00,0.1311,0.1409,0.1309,0.1344,90958115.0
2026-01-22 00:00:00+00:00,0.1344,0.1375,0.1296,0.1327,67291070.2
2026-01-23 00:00:00+00:00,0.1327,0.135,0.1269,0.1281,57804222.3
2026-01-24 00:00:00+00:00,0.1281,0.1284,0.1249,0.126,33469876.3
2026-01-25 00:00:00+00:00,0.1261,0.1265,0.1162,0.1186,47782691.4
2026-01-26 00:00:00+00:00,0.1187,0.1237,0.1183,0.1192,45711858.6
2026-01-27 00:00:00+00:00,0.1191,0.1211,0.1148,0.1197,70163405.3
2026-01-28 00:00:00+00:00,0.1196,0.1214,0.1151,0.1184,56722393.2
2026-01-29 00:00:00+00:00,0.1185,0.1188,0.1094,0.1126,63435852.8
2026-01-30 00:00:00+00:00,0.1126,0.1141,0.1087,0.1119,69373501.8
2026-01-31 00:00:00+00:00,0.1119,0.1125,0.0931,0.1038,115243811.6
2026-02-01 00:00:00+00:00,0.1038,0.1081,0.1007,0.1027,63602745.6
2026-02-02 00:00:00+00:00,0.1027,0.1167,0.099,0.1141,119780212.9
2026-02-03 00:00:00+00:00,0.1141,0.1189,0.1057,0.1083,114386600.3
2026-02-04 00:00:00+00:00,0.1083,0.1116,0.1049,0.1088,59544614.2
2026-02-05 00:00:00+00:00,0.1088,0.1105,0.0865,0.0917,151080042.9
2026-02-06 00:00:00+00:00,0.0918,0.1035,0.0839,0.0967,263911922.8
2026-02-07 00:00:00+00:00,0.0967,0.0996,0.0936,0.0975,72452008.7
2026-02-08 00:00:00+00:00,0.0975,0.0981,0.0943,0.0954,31324789.1
2026-02-09 00:00:00+00:00,0.0955,0.0969,0.0909,0.0944,50237747.9
2026-02-10 00:00:00+00:00,0.0944,0.0963,0.0899,0.0911,47025868.9
2026-02-11 00:00:00+00:00,0.0911,0.0929,0.0879,0.0889,62494350.9
2026-02-12 00:00:00+00:00,0.0889,0.0965,0.0889,0.0962,66216835.0
2026-02-13 00:00:00+00:00,0.0963,0.1019,0.0943,0.1005,84622654.6
2026-02-14 00:00:00+00:00,0.1004,0.1179,0.1003,0.1094,101681300.7
2026-02-15 00:00:00+00:00,0.1093,0.1136,0.1045,0.1081,73477287.8
2026-02-16 00:00:00+00:00,0.108,0.1086,0.104,0.1083,39909413.6
2026-02-17 00:00:00+00:00,0.1083,0.11,0.1054,0.1084,44419064.4
2026-02-18 00:00:00+00:00,0.1085,0.1119,0.1073,0.1079,57860578.7
2026-02-19 00:00:00+00:00,0.1079,0.1089,0.1029,0.1049,34342022.6
2026-02-20 00:00:00+00:00,0.1049,0.108,0.1036,0.1061,44749417.6
2026-02-21 00:00:00+00:00,0.106,0.1155,0.106,0.1103,57578995.1
2026-02-22 00:00:00+00:00,0.1102,0.1102,0.105,0.1068,25867121.6
2026-02-23 00:00:00+00:00,0.1068,0.1116,0.1015,0.1067,79124539.1
2026-02-24 00:00:00+00:00,0.1067,0.1141,0.1042,0.1126,61232483.9
2026-02-25 00:00:00+00:00,0.1126,0.1184,0.1115,0.1141,80620575.6
2026-02-26 00:00:00+00:00,0.114,0.1143,0.1081,0.1105,47417023.4
2026-02-27 00:00:00+00:00,0.1104,0.1169,0.1067,0.1089,51848539.3
2026-02-28 00:00:00+00:00,0.1089,0.1098,0.1005,0.109,52006559.9
2026-03-01 00:00:00+00:00,0.109,0.1126,0.1024,0.1051,46240418.6
2026-03-02 00:00:00+00:00,0.1052,0.1088,0.1009,0.1017,74813457.9
2026-03-03 00:00:00+00:00,0.1017,0.1025,0.0973,0.1009,59477097.4
2026-03-04 00:00:00+00:00,0.1008,0.1064,0.1002,0.1038,58965893.9
2026-03-05 00:00:00+00:00,0.1037,0.1051,0.0987,0.1012,45077647.3
2026-03-06 00:00:00+00:00,0.1013,0.1028,0.0966,0.0985,53811776.3
2026-03-07 00:00:00+00:00,0.0985,0.0994,0.094,0.095,24583615.0
2026-03-08 00:00:00+00:00,0.0951,0.0973,0.0933,0.0953,33010618.8
2026-03-09 00:00:00+00:00,0.0953,0.0981,0.0951,0.0955,35576094.5
2026-03-10 00:00:00+00:00,0.0956,0.099,0.0952,0.0963,34432307.9
2026-03-11 00:00:00+00:00,0.0962,0.0988,0.0955,0.0979,30326792.5
2026-03-12 00:00:00+00:00,0.0978,0.0998,0.0965,0.0988,39675426.2
2026-03-13 00:00:00+00:00,0.0989,0.1003,0.0949,0.0954,70856863.8
2026-03-14 00:00:00+00:00,0.0954,0.0974,0.0946,0.0971,28758453.3
2026-03-15 00:00:00+00:00,0.0972,0.0978,0.0955,0.0974,31148135.6
2026-03-16 00:00:00+00:00,0.0974,0.1029,0.0973,0.102,61308264.4
2026-03-17 00:00:00+00:00,0.1019,0.1021,0.0987,0.0992,40376685.3
2026-03-18 00:00:00+00:00,0.0992,0.101,0.096,0.0968,43362748.7
2026-03-19 00:00:00+00:00,0.0968,0.0973,0.0939,0.0955,24877929.9
2026-03-20 00:00:00+00:00,0.0956,0.1014,0.0954,0.0985,50735653.6
2026-03-21 00:00:00+00:00,0.0984,0.0989,0.0939,0.0945,20978578.5
2026-03-22 00:00:00+00:00,0.0944,0.0953,0.0914,0.0921,33619981.6
2026-03-23 00:00:00+00:00,0.0922,0.0971,0.0909,0.0967,52012535.8
2026-03-24 00:00:00+00:00,0.0967,0.0973,0.0939,0.0961,44398248.5
2026-03-25 00:00:00+00:00,0.0961,0.1001,0.0957,0.0982,35337841.2
2026-03-26 00:00:00+00:00,0.0981,0.0983,0.0931,0.0948,36323154.3
2026-03-27 00:00:00+00:00,0.0948,0.097,0.0894,0.0907,61671285.9
2026-03-28 00:00:00+00:00,0.0907,0.0938,0.09,0.0916,32393107.4
2026-03-29 00:00:00+00:00,0.0916,0.0932,0.0893,0.091,30493841.9
2026-03-30 00:00:00+00:00,0.0911,0.0951,0.0904,0.0916,48515310.3
2026-03-31 00:00:00+00:00,0.0916,0.0931,0.0883,0.0912,62548475.3
2026-04-01 00:00:00+00:00,0.0912,0.0951,0.0909,0.0928,51300288.5
2026-04-02 00:00:00+00:00,0.0928,0.0932,0.0898,0.0913,47328374.2
2026-04-03 00:00:00+00:00,0.0913,0.0938,0.0912,0.0925,37355982.3
2026-04-04 00:00:00+00:00,0.0925,0.0931,0.092,0.0928,23426750.3
2026-04-05 00:00:00+00:00,0.0927,0.0928,0.0893,0.0907,36318780.1
2026-04-06 00:00:00+00:00,0.0908,0.094,0.0886,0.09,47868008.8
2026-04-07 00:00:00+00:00,0.0901,0.0935,0.0887,0.093,43257835.6
2026-04-08 00:00:00+00:00,0.093,0.094,0.0881,0.0885,62766306.3
2026-04-09 00:00:00+00:00,0.0886,0.0887,0.0856,0.0866,78202578.6
2026-04-10 00:00:00+00:00,0.0866,0.0882,0.0838,0.0856,96538594.1
2026-04-11 00:00:00+00:00,0.0857,0.0867,0.0844,0.0855,59587004.9
2026-04-12 00:00:00+00:00,0.0854,0.086,0.0812,0.0818,51050535.1
2026-04-13 00:00:00+00:00,0.0819,0.0862,0.0815,0.0857,57733225.0
2026-04-14 00:00:00+00:00,0.0857,0.086,0.0822,0.0827,52479209.9
2026-04-15 00:00:00+00:00,0.0828,0.0862,0.0826,0.0853,49672822.6
2026-04-16 00:00:00+00:00,0.0853,0.0909,0.0849,0.0908,58146216.1
2026-04-17 00:00:00+00:00,0.0908,0.0913,0.088,0.0905,63166957.6
2026-04-18 00:00:00+00:00,0.0904,0.0913,0.0887,0.0896,57433716.7
2026-04-19 00:00:00+00:00,0.0896,0.0911,0.0874,0.0876,64206737.8
2026-04-20 00:00:00+00:00,0.0876,0.0958,0.0875,0.0931,72610104.5
2026-04-21 00:00:00+00:00,0.093,0.0946,0.0914,0.0935,54091835.3
2026-04-22 00:00:00+00:00,0.0935,0.0955,0.093,0.0932,47800398.3
2026-04-23 00:00:00+00:00,0.0932,0.0968,0.0918,0.0943,61114787.4
2026-04-24 00:00:00+00:00,0.0943,0.0961,0.0916,0.0916,49145784.7
2026-04-25 00:00:00+00:00,0.0917,0.0936,0.0904,0.0919,37461275.8
2026-04-26 00:00:00+00:00,0.0919,0.0927,0.0909,0.0923,21436265.7
2026-04-27 00:00:00+00:00,0.0923,0.0933,0.0902,0.0924,35912412.9
2026-04-28 00:00:00+00:00,0.0924,0.0924,0.0907,0.092,22086493.7
2026-04-29 00:00:00+00:00,0.092,0.0962,0.0897,0.093,71112260.0
2026-04-30 00:00:00+00:00,0.093,0.0969,0.0929,0.0951,42831189.4
2026-05-01 00:00:00+00:00,0.0951,0.0961,0.0933,0.0956,31607460.5
2026-05-02 00:00:00+00:00,0.0957,0.098,0.0957,0.0973,31437512.7
2026-05-03 00:00:00+00:00,0.0974,0.0978,0.0952,0.0954,23232563.0
2026-05-04 00:00:00+00:00,0.0955,0.0983,0.095,0.0974,40726643.6
2026-05-05 00:00:00+00:00,0.0975,0.099,0.0969,0.098,34254469.5
2026-05-06 00:00:00+00:00,0.098,0.1001,0.0976,0.099,36902888.0
2026-05-07 00:00:00+00:00,0.0991,0.1003,0.0975,0.0987,32879526.0
2026-05-08 00:00:00+00:00,0.0987,0.1027,0.0983,0.1019,53130629.9
2026-05-09 00:00:00+00:00,0.1018,0.1042,0.1008,0.1011,36044666.2
2026-05-10 00:00:00+00:00,0.101,0.1047,0.1003,0.1045,46589296.8
2026-05-11 00:00:00+00:00,0.1044,0.105,0.1018,0.1031,42393018.7
2026-05-12 00:00:00+00:00,0.1031,0.1033,0.0985,0.0987,44218022.0
2026-05-13 00:00:00+00:00,0.0986,0.1013,0.0952,0.0962,35968163.0
2026-05-14 00:00:00+00:00,0.0961,0.0964,0.0931,0.0946,54184092.6
2026-05-15 00:00:00+00:00,0.0946,0.0951,0.0894,0.091,45436164.2
2026-05-16 00:00:00+00:00,0.091,0.0919,0.0882,0.0911,30225490.9
2026-05-17 00:00:00+00:00,0.0912,0.0927,0.0884,0.0908,33126276.0
2026-05-18 00:00:00+00:00,0.0908,0.0918,0.0887,0.0909,46140669.6
2026-05-19 00:00:00+00:00,0.0909,0.0917,0.0886,0.0894,30647938.8
2026-05-20 00:00:00+00:00,0.0894,0.0913,0.0891,0.09108,35403043.1
2026-05-21 00:00:00+00:00,0.09108,0.09188,0.08988,0.09162,30398229.0
2026-05-22 00:00:00+00:00,0.09161,0.09332,0.08969,0.09037,48302471.1
2026-05-23 00:00:00+00:00,0.09038,0.09246,0.08743,0.09129,50975829.6
2026-05-24 00:00:00+00:00,0.0913,0.0921,0.0891,0.09039,25942449.0
2026-05-25 00:00:00+00:00,0.09039,0.09369,0.09005,0.09282,25165538.8
2026-05-26 00:00:00+00:00,0.09282,0.09375,0.09123,0.0917,32891988.3
2026-05-27 00:00:00+00:00,0.09171,0.09258,0.08932,0.09004,40641525.3
2026-05-28 00:00:00+00:00,0.09003,0.09043,0.08642,0.08749,48322406.4
2026-05-29 00:00:00+00:00,0.08748,0.09015,0.08661,0.08997,40670997.1
2026-05-30 00:00:00+00:00,0.08996,0.09199,0.08971,0.08996,38438058.2
2026-05-31 00:00:00+00:00,0.08997,0.09337,0.08996,0.09302,34194421.3
2026-06-01 00:00:00+00:00,0.09303,0.0948,0.0914,0.0941,50685841.5
2026-06-02 00:00:00+00:00,0.0941,0.09471,0.08875,0.0903,155952845.4
2026-06-03 00:00:00+00:00,0.09031,0.09587,0.08942,0.09343,70305194.7
2026-06-04 00:00:00+00:00,0.09343,0.09406,0.08579,0.08702,87812399.7
2026-06-05 00:00:00+00:00,0.087,0.08759,0.07094,0.07801,118176224.8
2026-06-06 00:00:00+00:00,0.078,0.07962,0.07231,0.07766,65712440.7
2026-06-07 00:00:00+00:00,0.07764,0.08135,0.07728,0.07966,50346175.6
2026-06-08 00:00:00+00:00,0.07966,0.08157,0.07801,0.07815,46534945.8
2026-06-09 00:00:00+00:00,0.07817,0.07825,0.0731,0.07571,45046664.5
2026-06-10 00:00:00+00:00,0.07573,0.07639,0.07139,0.07225,45293206.0
2026-06-11 00:00:00+00:00,0.07225,0.07505,0.0716,0.07503,42859839.1
2026-06-12 00:00:00+00:00,0.07502,0.07578,0.07324,0.07395,47119720.4
2026-06-13 00:00:00+00:00,0.07395,0.07648,0.07383,0.07605,33472745.7
2026-06-14 00:00:00+00:00,0.07605,0.07728,0.0746,0.07701,26119820.2
2026-06-15 00:00:00+00:00,0.07701,0.07943,0.07655,0.07797,30580046.9
2026-06-16 00:00:00+00:00,0.07798,0.0797,0.07619,0.07623,30950620.4
2026-06-17 00:00:00+00:00,0.07624,0.07864,0.07573,0.07693,42832351.4
2026-06-18 00:00:00+00:00,0.07693,0.07885,0.07478,0.07779,64444577.2
2026-06-19 00:00:00+00:00,0.07783,0.08109,0.07694,0.08103,31547713.9
2026-06-20 00:00:00+00:00,0.08103,0.08404,0.07957,0.07958,49771084.6
2026-06-21 00:00:00+00:00,0.0796,0.08194,0.0789,0.07927,23813303.9
2026-06-22 00:00:00+00:00,0.07927,0.08244,0.07843,0.07892,44602703.9
2026-06-23 00:00:00+00:00,0.07892,0.07939,0.07586,0.07763,40681075.7
2026-06-24 00:00:00+00:00,0.07763,0.07835,0.0712,0.07353,64608307.7
2026-06-25 00:00:00+00:00,0.07353,0.07455,0.06827,0.07216,91146276.6
2026-06-26 00:00:00+00:00,0.07216,0.07541,0.07034,0.0718,46662141.0
2026-06-27 00:00:00+00:00,0.0718,0.07239,0.0703,0.0709,25941726.3
2026-06-28 00:00:00+00:00,0.0709,0.07223,0.07,0.07106,22222529.8
2026-06-29 00:00:00+00:00,0.07106,0.07285,0.0706,0.07081,31573264.5
2026-06-30 00:00:00+00:00,0.0708,0.07093,0.06819,0.06853,31941976.9
2026-07-01 00:00:00+00:00,0.06854,0.07017,0.06746,0.06894,9996147.1
